Country,Economic Group,BCA,GGR,GGSB,GGX,GGXWDG,GGXWDN,LE,LP,LUR,NGAP_NPGDP,NGDP_R,NGDPRPC,NGSD_NGDP,NID_NGDP,PCPIE,TX_RPCH
Afghanistan,MENA,,,,,,,,,,,,,,,,
Albania,EDE,-0.052,,,,,,,2.877,2.813,,351.023,122016.671,39.597,46.194,,0
Algeria,MENA,-0.436,,,,,,,19.864,15,,2845.412,143244.655,26.014,31.091,7.377,0.3
Angola,SSA,-0.494,,,,,,,8.843,,,323.488,36582.545,13.894,21.943,,-12.9
Antigua and Barbuda,LAC,-0.042,,,,,,,0.067,,,0.864,12865.897,-13.432,,64.837,
Argentina,LAC,-2.917,,,,,,,28.93,4.5,,360.338,12455.529,16.197,18.825,,3.947
Armenia,CIS,,,,,,,,,,,,,,,,
Australia,OAE,-7.681,,,,,,6.418,15.289,7.183,-1.559,574.84,37598.539,18.777,26.537,,8.771
Austria,EURO,0.703,,-2.112,,,,2.766,7.565,3.1,-0.101,163.08,21556.95,23.7,26.123,60.854,1.591
Azerbaijan,CIS,,,,,,,,,,,,,,,,
Bahrain,MENA,0.426,,,,,,,0.38,,,3.031,7977.821,39.837,22.563,82.183,
Bangladesh,EDA,-0.661,24.4,,52.35,,,,87.061,,,1595.367,18324.791,18,18.293,23.87,12.297
Barbados,LAC,-0.042,,,,,,,0.25,13.65,,0.753,3010.753,15.668,18.256,54.856,8.08
Belarus,CIS,,,,,,,,,,,,,,,,
Belgium,EURO,-2.607,49.96,-12.337,62.867,100.995,,3.693,9.855,11.5,-1.185,216.43,21962.317,16.508,22.381,47.804,3.555
Belize,LAC,-0.017,,,,,,,0.153,,,0.428,2795.199,11.046,22.538,,0
Benin,SSA,-0.322,,,,,,,3.896,,,1218.117,312669.628,2.715,37.329,34.746,1.976
Bhutan,EDA,-0.071,0.498,,0.488,,,,0.435,,,5.659,13009.486,9.273,40.451,113.113,-25.374
Bolivia,LAC,-0.13,,,,,,,5.521,,,14.701,2662.429,10.375,15.624,0.001,-13.122
Bosnia and Herzegovina,EDE,,,,,,,,,,,,,,,,
Botswana,SSA,-0.145,,,0.405,,,,1.035,,,13.581,13119.644,28.737,31.795,17.923,28.946
Brazil,LAC,-16.311,,,,,,,123.885,6.4,,513.587,4145.673,14.978,21.379,400.709,-10.607
Brunei Darussalam,EDA,2.758,7.872,,2.165,0,,,,,,,,,,,
Bulgaria,EDE,0.177,,,,,,,8.922,,,62.876,7047.172,38.514,39.105,,-3.596
Burkina Faso,SSA,-0.083,,,,,,,7.656,,,871.406,113819.039,9.715,14.541,43.282,-30.29
Burundi,SSA,-0.127,,,,,,,4.334,,,849.697,196074.448,1.864,60.348,4.206,11.543
Cabo Verde,SSA,-0.013,,,,,,,0.299,22.229,,26.662,89136.526,41.415,46.777,31.591,-15.1
Cambodia,EDA,,,,,,,,,,,,,,,,
Cameroon,SSA,-0.386,,,,,,,9.335,,,5249.571,562360.624,17.888,22.841,58.02,19.689
Canada,OAE,1.846,153.335,-15.226,180.113,202.128,73.194,10.951,25.083,11.1,-4.834,771.385,30753.377,20.583,19.994,56.5,-1.413
Central African Republic,SSA,-0.043,,,,,,,2.407,,,495.449,205801.727,-7.392,2.503,55.812,-0.863
Chad,SSA,0.019,,,,,,,4.636,,,814.019,175603.644,2.821,10.585,34.857,8.023
Chile,LAC,-2.304,,,,,,,11.545,19.814,,24459.681,2118570.226,1.484,13.477,6.359,4.49
China,EDA,,131.948,,130.761,,,,1016.54,3.2,,2620.052,2577.421,35.094,31.827,,
Colombia,LAC,-2.885,373.5,,523.2,,,,29.718,7.1,,160790.463,5410478.773,10.997,21.649,2.02,8.549
Comoros,SSA,-0.011,,,,,,,0.371,,,81.429,219681.439,11.798,22.318,,27.678
Costa Rica,LAC,-0.24,,,,,,,2.443,9.405,,5971.607,2444223.64,15.088,24.729,2.32,-4.229
Côte d'Ivoire,SSA,-1.016,,,,,,,8.492,,,6925.945,815602.662,17.144,27.076,39.287,5
Croatia,EDE,,,,,,,,,,,,,,,,
Cyprus,EURO,-0.178,,,,,,0.241,0.53,2.8,-0.708,4.71,8893.37,27.443,42.639,38.726,-2.302
Czech Republic,OAE,,,,,,,,,,,,,,,,
Democratic Republic of the Congo,SSA,-0.52,,,,,,,30.638,,,8413.109,274598.8,3.852,,,
Denmark,OAE,-2.259,239.785,,287.738,,,2.473,5.119,7.602,-1.397,1080.4,211050.457,17.381,18.271,60.6,3.164
Djibouti,MENA,,,,,,,,,,,,,,,,
Dominica,LAC,-0.015,,,,,,,0.074,,,0.549,7470.071,8.555,21.754,50.417,26.268
Dominican Republic,LAC,-0.686,,,,,,,5.916,,,497.208,84044.531,7.023,26.158,1.738,-26.053
Ecuador,LAC,-1.179,,,,,,,8.495,,,25.799,3036.949,16.512,22.503,0.077,-3.783
Egypt,MENA,-2.084,,,,,,,42.846,,,424.619,9910.351,12.436,33.845,10.854,8.354
El Salvador,LAC,-0.051,,,,,,,4.885,,,4.187,857.251,11.589,13.09,7.705,-14.851
Equatorial Guinea,SSA,,4.206,,25.591,30.144,,,0.251,,,46.795,186602.487,-17.3,75.666,14.797,-26.461
Eritrea,SSA,,,,,,,,,,,,,,,,
Estonia,EURO,,,,,,,,,,,,,,,,
Ethiopia,SSA,-0.195,2.053,,2.63,,,,36.151,,,114.347,3163.049,5.17,15.497,39.243,-3.126
Fiji,EDA,-0.119,,,,,,,0.666,,,2.89,4339.139,,28.511,,
Finland,EURO,-0.923,20.914,-0.167,19.886,5.933,-20.574,2.367,4.812,6.076,-1.527,99.172,20608.668,24.879,27.449,42.225,-1.87
France,EURO,-12.129,276.832,-11.351,293.349,148.6,,22.504,54.335,8.069,-0.893,1167.32,21483.758,21.663,23.718,46.939,-1.102
FYR Macedonia,EDE,,,,,,,,,,,,,,,,
Gabon,SSA,0.513,,,,,,,0.781,,,2593.622,3319088.089,45.47,37.25,,1.714
Georgia,CIS,,,,,,,,,,,,,,,,
Germany,EURO,3.271,,,,,,34.08,77.223,6.734,-1.875,1537.316,19907.58,20.216,25.414,,3.738
Ghana,SSA,-0.19,0.001,,0.001,,,,11.097,,,6.117,551.247,1.192,3.028,0.178,-33
Greece,EURO,-1.889,2.755,,3.407,2.959,,3.757,9.758,5.8,-1.414,135.655,13902.065,23.574,27.021,9.872,-16.461
Grenada,LAC,-0.018,,,,,,,0.093,,,0.751,8066.54,20.436,34.514,46.269,23.671
Guatemala,LAC,-0.399,,,,,,,7.293,,,89.149,12224.272,9.999,14.006,5.166,-10.711
Guinea,SSA,-0.085,,,,,,,,,,3221.274,,4.714,14.447,,
Guinea-Bissau,SSA,-0.08,,,,,,,0.864,,,189.535,219257.903,3.524,21.043,0.099,-0.6
Guyana,LAC,-0.181,,,,,,,0.781,,,193.348,247441.909,-12.996,35.911,1.556,-23.684
Haiti,LAC,-0.075,,,,,,,6.15,,,12.914,2099.772,18.686,,4.769,17.525
Honduras,LAC,-0.222,,,,,,,3.867,6.667,,60.542,15655.611,4.721,15.961,11.511,-16.845
Hong Kong SAR,OAE,-0.176,,,,,,2.407,5.297,3.522,,519.575,98086.529,30.824,30.983,33.6,-0.942
Hungary,EDE,-0.531,,,,,,,10.695,0.154,,16532.135,1545774.956,27.386,30.027,,3.54
Iceland,OAE,-0.256,15.011,0.664,14.366,11.625,0.179,0.114,0.232,0.67,,541.326,2331472.438,22.434,29.963,12.767,-8.943
India,EDA,-3.393,,,,,,,715.563,,,14737.682,20595.94,17.413,19.081,11.165,8.061
Indonesia,EDA,-5.4,12352.9,,,,,,153.379,,,1585289.144,10335784.11,16.901,37.316,6.371,-25
Iraq,MENA,,,,,,,,,,,,,,,,
Ireland,EURO,-1.872,7.495,,9.741,,,,3.48,,4.894,49.802,14310.844,15.991,27.629,,4.482
Islamic Republic of Iran,MENA,4.913,,,,,,,40.812,,,858152.683,21026812.46,26.773,23.522,,135.474
Israel,OAE,-2.258,,,,,,1.298,4.018,5.048,,262.576,65342.253,12.446,21.694,0.315,-2.955
Italy,EURO,-10.254,,,,,,20.247,56.524,8.288,-2.787,1061.427,18778.321,19.585,23.26,33.685,-1.305
Jamaica,LAC,-0.539,,,,,,,2.186,27.577,,490.041,224127.427,8.344,14.944,3.315,-12.49
Japan,OAE,6.847,80044.6,,91406.2,164844.1,62490.5,56.386,118.451,2.35,-5.129,290596.21,2453299.687,30.177,29.768,84.033,1.432
Jordan,MENA,-0.336,,,,,,,2.409,,,3.534,1467.04,29.225,39.44,36.324,-10.433
Kazakhstan,CIS,,,,,,,,,,,,,,,,
Kenya,SSA,-0.305,17.463,,21.722,,,,16.92,,,1237.691,73148.287,13.995,24.423,10.692,3.2
Kiribati,EDA,0.005,,,,,,,0.06,,,0.125,2075.11,,,,-7.19
Korea,OAE,-5.542,,,,,,14.379,39.326,4.133,-11.069,189219.1,4811509.087,25.082,32.209,32.111,8.19
Kosovo,EDE,,,,,,,,,,,,,,,,
Kuwait,MENA,4.873,,,,,,,1.497,0.5,,11.493,7677.519,47.491,22.948,68.957,-28.848
Kyrgyz Republic,CIS,,,,,,,,,,,,,,,,
Lao P.D.R.,EDA,-0.051,,,,,,,3.376,,,6158.365,1824160.219,,,,66.915
Latvia,EURO,,,,,,,,,,,,,,,,
Lebanon,MENA,0.991,,,,,,,2.521,,,18390.347,7294124.918,64.258,,0.124,43.328
Lesotho,SSA,-0.064,0.121,,0.13,,,,1.334,,,3.494,2618.913,48.943,37.847,7.804,0
Liberia,MENA,,,,,,,,,,,,,,,,
Libya,SSA,-1.579,,,,,,,3.273,,,37.571,11478.237,,29.594,43.534,
Lithuania,EURO,,,,,,,,,,,,,,,,
Luxembourg,EURO,,,,,,,0.175,0.366,1.33,,11.454,31328.002,11.141,14.968,45.324,
Macao SAR,OAE,,,,,,,,,,,,,,,,
Madagascar,SSA,-0.299,24.48,,47.796,,,,9.221,,,3726.754,404172.889,-0.021,8.486,7.465,0
Malawi,SSA,-0.112,,,,,,,6.923,,,365.053,52728.891,7.889,11.004,0.454,-10.009
Malaysia,EDA,-3.585,,,,,,,14.592,,,167.321,11466.796,29.669,42.513,47.36,9.886
Maldives,EDA,-0.004,,,,,,,0.163,,,2.509,15419.239,11.511,,,4.474
Mali,SSA,-0.115,,,,,,,7.004,,,1033.268,147515.764,-2.232,10.394,,11.585
Malta,EURO,,,,,,,,0.32,,18.387,,,53.372,33.282,51.437,-15.656
Marshall Islands,EDA,,,,,,,,,,,,,,,,
Mauritania,MENA,,,,,,,,,,,,,,,,
Mauritius,SSA,-0.041,,,,,,,0.993,20.563,,64.044,64527.648,14.956,22.987,28.985,2.309
Mexico,LAC,-5.89,,,,,,,72.548,4.2,,6610.39,91117.466,21.047,23.69,0.217,22.636
Micronesia,EDA,,,,,,,,,,,,,,,,
Moldova,CIS,,,,,,,,,,,,,,,,
Mongolia,EDA,,4.182,,4.622,,,,,,,3735.954,,26.545,70.123,,
Montenegro,EDE,,,,,,,,,,,,,,,,
Morocco,MENA,-0.974,,,,,,,20.354,,,251.168,12340.005,18.54,31.659,38.55,4.648
Mozambique,SSA,-0.497,0.032,,0.037,,,,12.729,,,67.981,5340.563,14.762,26.787,0.213,-7.304
Myanmar,EDA,,,,,,,,,,,,,,,,
Namibia,SSA,,,,,,,,,,,,,,,,
Nepal,EDA,-0.188,,,,,,,15.07,,,181.639,12052.724,16.376,7.091,7.165,
Netherlands,EURO,5.025,94.113,-1.746,105.088,100.032,,5.576,14.313,6.525,-5.166,312.857,21858.241,22.904,20.426,53.58,-0.017
New Zealand,OAE,-1.71,,,,,,1.567,3.167,4.358,-1.665,95.756,30232.755,12.827,22.94,,2.218
Nicaragua,LAC,-0.514,,,,,,,,12.4,,82.754,,3.79,,,
Niger,SSA,-0.233,,,,,,,5.816,,,1098.92,188936.068,9.035,20.588,53.461,-14.26
Nigeria,SSA,-7.282,,,,,,,72.318,,,,,,,,
Norway,OAE,0.527,194.146,-13.172,179.032,152.441,-17.819,1.943,4.123,2.606,-1.765,1381.699,335159.567,29.603,28.761,40.414,0.131
Oman,MENA,0.503,,,,,,,1.47,,,5.688,3869.406,25.509,25.18,,1.078
Pakistan,MENA,-0.374,55.33,,,,,,83.082,,,2320.215,27926.819,14.695,18.874,14.059,11.153
Palau,EDA,,,,,,,,,,,,,,,,
Panama,LAC,-0.194,,,,,,,2.078,10.981,,8.188,3939.426,14.507,29.048,55.487,6.061
Papua New Guinea,EDA,-0.299,,,,,,,3.11,,,4.369,1404.859,6.612,29.492,,
Paraguay,LAC,-0.375,229.429,,296.261,,,,3.38,,,10226.145,3025679.722,18.775,25.627,2.106,7.3
Peru,LAC,-2.218,,,,,,,18.197,6.4,,175.387,9638.449,31.017,31.321,,-9.674
Philippines,EDA,-3.2,,,,,,,50.318,,,2448.22,48655.338,17.327,33.489,12.644,-5.907
Poland,EDE,-1.941,,,,,,,36.216,,,595.196,16434.388,28.539,,,
Portugal,EURO,-3.258,,,,,,4.381,9.892,7.457,2.777,90.741,9173,24.784,38.257,15.052,4.833
Puerto Rico,OAE,,,,,,,0.709,3.257,22.8,,4.569,1402.647,,9.037,62.21,
Qatar,MENA,5.631,,,,,,,0.285,,,94.903,332473.613,34.847,,,-14.463
Republic of Congo,SSA,-0.332,,,,,,,1.698,,,454.149,267528.726,30.811,22.154,67.271,-14.57
Romania,EDE,1.047,,,,,,,22.683,,,401.499,17700.238,19.322,28.338,,-8.913
Russia,CIS,,,,,,,,,,,,,,,,
Rwanda,SSA,-0.09,,,,,,,5.006,,,1261.699,252055.609,11.154,16.559,8.755,-16.182
Samoa,EDA,-0.009,,,,,,,,,,0.804,,,,,
San Marino,OAE,,,,,,,,,,,,,,,,
São Tomé and Príncipe,SSA,-0.028,,,,,,,0.092,13.623,,535.635,5801034.929,,,0.936,0
Saudi Arabia,MENA,7.575,,,,,,,10.276,,,1077.932,104900.094,25.661,20.706,85.053,-27.359
Senegal,SSA,-0.307,,,,,,,5.967,,,2158.572,361753.781,10.036,19.901,38.888,28.568
Serbia,EDE,,,,,,,,,,,,,,,,
Seychelles,SSA,-0.041,,,,,,,0.064,,,2.217,34457.391,1.208,44.989,28.154,0.796
Sierra Leone,SSA,-0.17,,,,,,,3.482,,,2650.593,761139.744,-0.809,8.203,0.338,-30.085
Singapore,OAE,-1.276,,,,,,1.332,2.646,6.281,,51.963,19634.902,38.017,46.281,57.445,5.161
Slovak Republic,EURO,,,,,,,,,,,,,,,,
Slovenia,EURO,,,,,,,,,,,,,,,,
Solomon Islands,EDA,-0.004,0.041,,0.037,,,,0.247,,,1.745,7078.25,9.143,2.667,,-20.674
South Africa,SSA,-3.422,,,,,,,30.61,10.755,,1474.538,48171.774,22.165,26.529,7.5,-2.645
South Sudan,SSA,,,,,,,,,,,,,,,,
Spain,EURO,-4.704,38.09,-11.939,45.447,31.769,,11.87,37.944,15.77,-3.872,491.411,12950.977,19.154,22.294,28.531,5.573
Sri Lanka,EDA,-0.794,,,,,,,14.986,,,656.898,43832.886,15.472,31.579,8.43,5.195
St. Kitts and Nevis,LAC,-0.007,0.052,,0.062,,,,0.043,,,0.476,11142.207,17.41,25.765,,-12.424
St. Lucia,LAC,-0.031,,,,,,,0.119,,,0.973,8154.201,10.929,34.524,47.843,6.519
St. Vincent and the Grenadines,LAC,-0.009,0.07,,0.07,,,,0.099,,,0.532,5364.23,12.746,21.246,46.999,-5.742
Sudan,MENA,-1.1,,,,,,,19.8,22.219,,13.963,705.183,97.024,4.464,,0.468
Suriname,LAC,-0.056,,,,,,,,,,5.632,,,,,-2.832
Swaziland,SSA,-0.114,0.184,,0.183,,,,0.668,,,9.991,14954.335,4.717,23.96,15.094,-11.915
Sweden,OAE,-3.424,408.206,,451.54,,,4.257,8.327,4.342,-1.023,1976.637,237363.05,18.685,21.759,40.083,-15.925
Switzerland,OAE,3.85,,,,,,3.256,6.373,0.428,,359.695,56440.405,32.587,29.129,63.958,-2.379
Syria,MENA,-0.252,,,,,,,9.758,,,516.534,52932.014,22.217,23.956,,4.2
Taiwan Province of China,OAE,,454.461,-50.613,508.668,,,6.811,18.516,2.14,,2443.449,131965.946,30.864,26.217,61.464,1.924
Tajikistan,CIS,,,,,,,,,,,,,,,,
Tanzania,SSA,-0.523,,,,,,,19.732,,,8758.577,443876.787,11.599,32.053,1.889,-24.6
Thailand,EDA,-1.003,,,,,,,48.85,,,1760.649,36041.954,19.733,23.235,,18.788
The Bahamas,LAC,-0.065,,,,,,,0.22,,,4.395,19995.391,15.111,19.499,41.231,-1.704
The Gambia,SSA,-0.006,,,,,,,0.657,,,8.609,13110.097,15.414,6.47,24.28,
Timor-Leste,EDA,,,,,,,,,,,,,,,,
Togo,SSA,-0.087,,,,,,,2.846,,,665.24,233720.464,-3.242,29.466,41.992,
Tonga,EDA,0.004,,,,,,,0.093,,,0.327,3527.359,,,15.302,
Trinidad and Tobago,LAC,-0.599,,,,,,,1.121,10.271,,45.756,40831.044,20.364,27.499,20.929,-3.837
Tunisia,MENA,-0.949,,,,,,,6.73,,,14.996,2228.192,20.489,30.579,,-6.901
Turkey,EDE,-0.952,,,,,,,44.276,7.6,,32.909,743.253,21.765,22.862,,
Turkmenistan,CIS,,,,,,,,,,,,,,,,
Tuvalu,SSA,,,,,,,,,,,,,,,,
Uganda,SSA,-0.07,,,,,,,13.321,,,8672.566,651036.859,19.364,,0.058,53.961
Ukraine,CIS,,,,,,,,,,,,,,,,
United Arab Emirates,MENA,7,,,,,,,1.17,,,346.825,296431.439,37.663,29.317,,-8.81
United Kingdom,OAE,3.438,123.55,0.167,130.808,137.419,137.087,23.951,56.291,10.725,-3.633,821.317,14590.556,20.42,19.753,37.452,1.113
United States,OAE,-5.533,,,,,,99.529,232.128,9.708,-6.17,6491.275,27964.225,21.762,22.063,97.967,-7.639
Uruguay,LAC,-0.449,,,,,,,2.951,,,263.961,89448.14,13.38,16.039,0.033,-16.485
Uzbekistan,CIS,,,,,,,,,,,,,,,,
Vanuatu,EDA,0.012,,,,,,,0.123,,,25.651,208541.292,,,46.605,
Venezuela,LAC,-3.878,,,,,,,15.868,,,32.122,2024.4,21.054,25.451,,
Vietnam,EDA,-0.616,,,,,,,56.4,,,347747.377,6165733.473,10.955,14.3,,45.337
Yemen,MENA,,,,,,,,,,,,,,,,
Zambia,SSA,-0.741,,,,,,,6.297,,,41.341,6564.955,-0.655,17.737,0.011,
Zimbabwe,SSA,-0.748,,,,,,,7.606,,,,,,,,
